Label,Northing,Easting,Elevation,Source
43101,4476897.815,334041.164,2103.641,r119_05-19
43102,4476892.771,334050.59,2103.694,r119_05-19
43103,4476892.509,334066.625,2103.198,r119_05-19
43104,4476892.81,334081.548,2102.705,r119_05-19
43105,4476891.186,334096.908,2102.255,r119_05-19
43106,4476890.341,334111.977,2101.732,r119_05-19
43107,4476890.321,334128.135,2101.045,r119_05-19
43108,4476890.351,334144.124,2100.493,r119_05-19
43109,4476890.831,334161.164,2099.843,r119_05-19
43110,4476889.547,334178.1,2098.778,r119_05-19
43111,4476889.729,334185.571,2098.417,r119_05-19
43112,4476889.737,334199.373,2097.707,r119_05-19
43113,4476889.763,334213.708,2097.053,r119_05-19
43114,4476889.73,334227.982,2096.339,r119_05-19
43115,4476890.036,334241.157,2095.801,r119_05-19
43116,4476889.788,334255.602,2095.153,r119_05-19
43117,4476889.979,334268.815,2094.698,r119_05-19
43118,4476889.773,334281.895,2094.112,r119_05-19
43119,4476889.936,334301.64,2093.281,r119_05-19
43120,4476890.999,334316.029,2092.973,r119_05-19
43121,4476890.872,334330.504,2092.561,r119_05-19
43122,4476890.38,334345.034,2092.242,r119_05-19
43123,4476893.362,334364.885,2091.378,r119_05-19
43124,4476891.574,334379.751,2091.102,r119_05-19
43125,4476891.596,334394.113,2090.863,r119_05-19
43126,4476890.729,334410.338,2090.819,r119_05-19
43127,4476890.434,334426.636,2090.836,r119_05-19
43128,4476890.992,334441.778,2090.21,r119_05-19
43129,4476891.488,334458.497,2090.413,r119_05-19
43130,4476890.25,334471.958,2091.718,r119_05-19
43131,4476891.26,334485.507,2092.631,r119_05-19
43132,4476891.292,334500.041,2093.668,r119_05-19
43133,4476890.759,334513.613,2093.967,r119_05-19
43134,4476891.353,334529.862,2094.21,r119_05-19
43135,4476891.717,334545.384,2093.97,r119_05-19
43136,4476892.069,334559.331,2093.787,r119_05-19
43137,4476891.589,334574.836,2094.104,r119_05-19
43138,4476891.638,334589.569,2094.674,r119_05-19
43139,4476893.914,334610.225,2094.706,r119_05-19
43140,4476891.692,334619.711,2093.9,r119_05-19
43141,4476892.059,334635.148,2093.189,r119_05-19
43142,4476891.46,334649.432,2092.583,r119_05-19
43143,4476891.462,334664.202,2092.137,r119_05-19
43144,4476891.236,334679.696,2091.812,r119_05-19
43145,4476891.724,334694.471,2091.256,r119_05-19
43146,4476891.786,334710.937,2091.205,r119_05-19
43147,4476891.842,334724.267,2091.416,r119_05-19
43148,4476891.343,334738.395,2091.752,r119_05-19
43149,4476890.939,334761.183,2093.129,r119_05-19
43150,4476890.553,334771.322,2093.824,r119_05-19
43151,4476890.608,334784.925,2094.388,r119_05-19
43152,4476890.552,334799.122,2094.54,r119_05-19
43153,4476891.104,334815.096,2094.781,r119_05-19
43154,4476890.76,334830.124,2095.478,r119_05-19
43155,4476891.062,334844.29,2095.933,r119_05-19
43156,4476890.531,334861.46,2096.425,r119_05-19
43157,4476891.726,334875.276,2096.59,r119_05-19
43158,4476892.351,334890.063,2096.727,r119_05-19
43159,4476891.348,334902.502,2097.079,r119_05-19
43160,4476891.756,334919.083,2097.176,r119_05-19
43161,4476891.493,334938.534,2097.01,r119_05-19
43162,4476891.864,334953.231,2096.885,r119_05-19
43163,4476888.947,334968.265,2098.318,r119_05-19
43311,4476074.998,336438.375,2156.272,r219_05-19
43310,4476071.884,336423.173,2155.385,r219_05-19
43309,4476063.967,336411.499,2153.996,r219_05-19
43308,4476056.232,336396.852,2153.052,r219_05-19
43307,4476049.75,336384.857,2152.753,r219_05-19
43306,4476040.855,336372.671,2152.812,r219_05-19
43305,4476032.104,336360.985,2152.723,r219_05-19
43304,4476022.724,336349.115,2152.629,r219_05-19
43303,4476012.779,336337.888,2152.099,r219_05-19
43302,4476002.376,336326.382,2151.857,r219_05-19
43301,4475990.91,336314.003,2150.747,r219_05-19
43299,4475961.971,336292.026,2148.549,r219_05-19
43298,4475956.364,336264.003,2146.338,r219_05-19
43300-0,4475947.784,336250.067,2144.764,r219_05-19
43296,4475936.281,336235.069,2143.789,r219_05-19
43295,4475927.755,336223.727,2143.499,r219_05-19
43294,4475919.823,336212.576,2143.577,r219_05-19
43293,4475911.381,336200.153,2143.979,r219_05-19
43292,4475903.422,336187.063,2144.723,r219_05-19
43291,4475895.146,336175.31,2144.451,r219_05-19
43290,4475890.165,336161.881,2144.394,r219_05-19
43289,4475970.491,336304.832,2149.611,r219_05-19
43288,4475888.092,336147.964,2144.468,r219_05-19
43287,4475886.255,336132.523,2143.746,r219_05-19
43286,4475887.421,336116.918,2143.648,r219_05-19
43285,4475888.438,336102.482,2142.954,r219_05-19
43284,4475889.961,336088.588,2142.389,r219_05-19
43283,4475892.628,336073.03,2141.648,r219_05-19
43282,4475895.485,336059.574,2141.103,r219_05-19
43281,4475898.62,336045.085,2140.166,r219_05-19
43280,4475902.272,336030.717,2139.102,r219_05-19
43279,4475906.468,336016.463,2138.002,r219_05-19
43278,4475912.607,336001.616,2137.243,r219_05-19
43277,4475919.112,335987.945,2136.661,r219_05-19
43276,4475926.611,335974.695,2136.022,r219_05-19
43275,4475935.173,335960.544,2135.338,r219_05-19
43274,4475943.334,335948.841,2134.722,r219_05-19
43273,4475951.127,335937.777,2134.071,r219_05-19
43272,4475959.972,335924.421,2133.411,r219_05-19
43271,4475968.299,335913.488,2132.46,r219_05-19
43270,4475976.609,335901.695,2131.618,r219_05-19
43269,4475986.241,335888.073,2130.525,r219_05-19
43268,4475994.167,335876.978,2129.824,r219_05-19
43267,4476002.178,335864.826,2128.974,r219_05-19
43266,4476011.312,335852.552,2127.903,r219_05-19
43265,4476021.924,335838.854,2126.873,r219_05-19
43264,4476029.023,335828.749,2125.903,r219_05-19
43263,4476037.017,335817.173,2124.886,r219_05-19
43262,4476047.266,335803.672,2123.556,r219_05-19
43261,4476054.331,335793.402,2123.017,r219_05-19
43260,4476065.882,335777.742,2122.269,r219_05-19
43259,4476074.565,335764.201,2121.633,r219_05-19
43258,4476082.794,335751.049,2121.173,r219_05-19
43257,4476089.674,335740.078,2120.527,r219_05-19
43256,4476097.607,335728.2,2119.897,r219_05-19
43255,4476107.031,335713.812,2118.931,r219_05-19
43254,4476114.073,335702.656,2118.194,r219_05-19
43253,4476121.697,335690.823,2117.425,r219_05-19
43252,4476128.977,335678.397,2116.864,r219_05-19
43251,4476140.076,335663.1,2116.643,r219_05-19
43250,4476146.863,335655.158,2116.697,r219_05-19
43249,4476157.207,335643.123,2116.674,r219_05-19
43248,4476165.666,335631.526,2116.597,r219_05-19
43247,4476177.134,335618.663,2116.012,r219_05-19
43246,4476187.936,335609.425,2115.109,r219_05-19
43244,4476215.501,335594.984,2113.779,r219_05-19
43243,4476228.267,335593.178,2113.483,r219_05-19
43242,4476243.392,335592.341,2113.216,r219_05-19
43241,4476260.609,335593.495,2113.156,r219_05-19
43240,4476274.718,335594.784,2113.106,r219_05-19
43239,4476290.188,335596.315,2113.02,r219_05-19
43235,4476350.513,335591.985,2112.601,r219_05-19
43235-0,4476352.367,335601.016,2110.852,r219_05-19
43234,4476367.514,335602.353,2110.372,r219_05-19
43233,4476383.377,335603.806,2109.882,r219_05-19
43232,4476395.626,335604.752,2109.567,r219_05-19
43231,4476408.536,335605.627,2109.263,r219_05-19
43230,4476424.589,335606.98,2108.833,r219_05-19
43229,4476441.315,335608.039,2108.399,r219_05-19
43312,4476075.646,336452.471,2157.418,r319_05-19
43313,4476073.64,336469.314,2159.247,r319_05-19
43314,4476071.879,336483.319,2160.616,r319_05-19
43315,4476069.861,336497.969,2162.308,r319_05-19
43316,4476068.574,336511.986,2163.847,r319_05-19
43317,4476067.678,336528.133,2165.17,r319_05-19
43318,4476068.161,336545.384,2166.139,r319_05-19
43319,4476068.542,336558.751,2166.734,r319_05-19
43320,4476069.668,336571.911,2167.368,r319_05-19
43321,4476070.921,336587.642,2168.062,r319_05-19
43322,4476072.005,336602.847,2169.048,r319_05-19
43323,4476073.92,336617.512,2169.998,r319_05-19
43324,4476074.054,336634.912,2170.319,r319_05-19
43325,4476072.497,336649.094,2170.478,r319_05-19
43326,4476068.752,336663.677,2170.607,r319_05-19
43327,4476064.46,336677.667,2171.044,r319_05-19
43328,4476055.586,336693.152,2171.488,r319_05-19
43329,4476049.085,336704.083,2172.018,r319_05-19
43330,4476040.969,336717.48,2173.289,r319_05-19
43331,4476032.027,336728.557,2173.566,r319_05-19
43332,4476021.132,336739.611,2173.98,r319_05-19
43333,4476008.743,336749.287,2174.147,r319_05-19
43334,4475996.012,336757.479,2174.459,r319_05-19
43335,4475979.833,336763.648,2174.773,r319_05-19
43336,4475966.081,336767.753,2174.972,r319_05-19
43337,4475950.988,336770.089,2175.557,r319_05-19
43338,4475934.541,336772.712,2176.369,r319_05-19
43339,4475920.365,336774.903,2176.87,r319_05-19
43340,4475905.455,336780.488,2177.698,r319_05-19
43341,4475893.931,336787.912,2178.579,r319_05-19
43342,4475883.307,336796.735,2179.568,r319_05-19
43343,4475872.745,336807.357,2180.537,r319_05-19
43344,4475861.995,336820.451,2181.865,r319_05-19
43345,4475855.58,336832.163,2183.196,r319_05-19
43346,4475850.888,336847.26,2184.543,r319_05-19
43347,4475848.17,336859.1,2185.464,r319_05-19
43348,4475845.195,336875.451,2186.747,r319_05-19
43349,4475842.594,336891.356,2187.892,r319_05-19
43350,4475839.505,336907.606,2189.167,r319_05-19
43351,4475836.896,336919.36,2190.113,r319_05-19
43352,4475834.798,336933.004,2191.124,r319_05-19
43353,4475832.058,336949.249,2192.293,r319_05-19
43354,4475828.911,336963.158,2193.495,r319_05-19
43355,4475825.568,336980.119,2194.611,r319_05-19
43356,4475822.546,336993.859,2196.09,r319_05-19
43357,4475819.54,337009.988,2197.426,r319_05-19
43358,4475817.432,337022.616,2198.544,r319_05-19
43359,4475814.01,337037.123,2200.123,r319_05-19
43360,4475811.721,337051.172,2201.446,r319_05-19
43361,4475810.684,337066.496,2202.529,r319_05-19
43362,4475810.774,337082.871,2203.9,r319_05-19
43363,4475811.928,337097.442,2204.888,r319_05-19
43364,4475813.632,337116.622,2206.399,r319_05-19
43365,4475815.937,337131.476,2207.275,r319_05-19
43366,4475818.262,337145.448,2208.306,r319_05-19
43367,4475819.742,337156.177,2209.174,r319_05-19
43368,4475822.897,337171.411,2210.045,r319_05-19
43369,4475825.238,337186.731,2211.333,r319_05-19
43370,4475826.644,337199.633,2212.681,r319_05-19
43371,4475828.666,337215.397,2214.218,r319_05-19
43372,4475831.349,337231.183,2215.628,r319_05-19
43373,4475833.962,337246.429,2216.817,r319_05-19
43374,4475835.844,337261.446,2218.271,r319_05-19
43375,4475837.478,337275.893,2219.595,r319_05-19
43376,4475839.811,337291.525,2220.865,r319_05-19
43377,4475842.058,337307.612,2222.115,r319_05-19
43378,4475844.463,337321.37,2223.357,r319_05-19
43379,4475847.723,337336.719,2224.642,r319_05-19
43380,4475850.588,337351.794,2225.811,r319_05-19
43381,4475852.723,337365.628,2227.067,r319_05-19
43382,4475855.009,337381.337,2228.253,r319_05-19
43383,4475857.544,337396.733,2229.735,r319_05-19
43384,4475860.633,337413.251,2231.053,r319_05-19
43385,4475863.021,337427.502,2232.209,r319_05-19
43386,4475865.203,337441.004,2233.578,r319_05-19
43387,4475866.837,337454.15,2234.637,r319_05-19
43388,4475868.581,337468.926,2235.334,r319_05-19
43389,4475869.437,337483.304,2236.186,r319_05-19
43390,4475870.988,337496.529,2237.076,r319_05-19
43391,4475871.927,337511.365,2237.443,r319_05-19
43392,4475874.241,337527.064,2238.29,r319_05-19
43393,4475876.492,337541.827,2239.145,r319_05-19
43394,4475875.934,337557.423,2239.327,r319_05-19
43395,4475880.125,337576.28,2238.983,r319_05-19
43396,4475883.586,337591.403,2238.002,r319_05-19
43522,4476073.091,339362.939,2180.679,r419_05-19
43521,4476082.643,339356.101,2180.693,r419_05-19
43520,4476088.339,339344.959,2181.324,r419_05-19
43519,4476091.528,339331.539,2181.14,r419_05-19
43518,4476093.376,339315.69,2181.653,r419_05-19
43517,4476095.372,339300.219,2181.42,r419_05-19
43516,4476095.993,339286.724,2181.095,r419_05-19
43515,4476095.557,339273.624,2180.603,r419_05-19
43514,4476095.154,339257.956,2180.686,r419_05-19
43513,4476096.371,339242.454,2180.58,r419_05-19
43146.0,4476891.924,334710.426,2092.175,r120_05-20
43146.2,4476891.925,334710.427,2092.207,r120_05-20
43147.0,4476891.981,334723.782,2092.432,r120_05-20
43148.0,4476891.643,334737.901,2092.792,r120_05-20
43149.0,4476891.09,334760.681,2094.144,r120_05-20
43150.0,4476890.765,334770.929,2094.868,r120_05-20
43151.0,4476890.855,334784.462,2095.361,r120_05-20
43152.0,4476890.737,334798.602,2095.516,r120_05-20
43153.0,4476891.186,334814.649,2095.808,r120_05-20
43154.0,4476890.859,334829.716,2096.5,r120_05-20
43155.0,4476891.162,334843.93,2096.939,r120_05-20
43156.0,4476890.653,334860.921,2097.375,r120_05-20
43157.0,4476891.854,334874.883,2097.568,r120_05-20
43158.0,4476892.618,334889.624,2097.723,r120_05-20
43159.0,4476891.497,334902.098,2098.078,r120_05-20
43160.0,4476892.005,334918.677,2098.165,r120_05-20
43161.0,4476891.613,334938.122,2098.001,r120_05-20
43162.0,4476892.066,334952.745,2097.863,r120_05-20
43163.0,4476889.123,334967.784,2099.27,r120_05-20
43164.0,4476892.364,334982.075,2099.059,r120_05-20
43165.0,4476890.585,334996.655,2099.895,r120_05-20
43166.0,4476890.456,335012.099,2100.243,r120_05-20
43167.0,4476890.642,335027.698,2099.985,r120_05-20
43168.0,4476891.124,335043.002,2099.529,r120_05-20
43169.0,4476889.542,335056.382,2099.644,r120_05-20
43170.0,4476890.286,335071.689,2099.4,r120_05-20
43171.0,4476890.609,335086.44,2099.505,r120_05-20
43172.0,4476890.528,335099.866,2099.423,r120_05-20
43173.0,4476889.355,335115.022,2099.523,r120_05-20
43174.0,4476889.274,335129.178,2099.269,r120_05-20
43175.0,4476889.064,335144.068,2098.843,r120_05-20
43176.0,4476888.871,335156.507,2098.364,r120_05-20
43177.0,4476888.635,335171.763,2097.703,r120_05-20
43178.0,4476890.761,335186.685,2095.364,r120_05-20
43179.0,4476891.568,335201.578,2094.054,r120_05-20
43180.0,4476889.954,335216.709,2094.144,r120_05-20
43181.0,4476886.977,335231.649,2095.732,r120_05-20
43182.0,4476886.935,335248.078,2095.949,r120_05-20
43183.0,4476887.498,335263.602,2097.128,r120_05-20
43184.0,4476887.213,335280.556,2097.88,r120_05-20
43185.0,4476885.961,335299.375,2098.119,r120_05-20
43186.0,4476885.133,335313.232,2098.954,r120_05-20
43187.0,4476883.233,335330.332,2100.139,r120_05-20
43188.0,4476883.345,335345.252,2100.889,r120_05-20
43189.0,4476879.816,335356.079,2101.611,r120_05-20
43190.0,4476876.794,335370.853,2102.878,r120_05-20
43191.0,4476874.331,335383.644,2103.711,r120_05-20
43192.0,4476871.154,335399.307,2104.379,r120_05-20
43193.0,4476868.176,335414.923,2104.951,r120_05-20
43194.0,4476864.486,335430.941,2105.135,r120_05-20
43195.0,4476862.178,335439.479,2105.265,r120_05-20
43196.0,4476858.049,335454.431,2105.408,r120_05-20
43197.0,4476854.282,335469.517,2105.408,r120_05-20
43198.0,4476850.286,335483.359,2105.043,r120_05-20
43199.0,4476846.111,335499.199,2104.817,r120_05-20
43200.0,4476841.665,335513.56,2104.049,r120_05-20
43201.0,4476836.247,335527.253,2103.554,r120_05-20
43202.0,4476831.628,335542.568,2103.453,r120_05-20
43203.0,4476821.52,335556.677,2103.412,r120_05-20
43204.0,4476808.364,335567.116,2103.979,r120_05-20
43205.0,4476800.306,335573.919,2104.227,r120_05-20
43206.0,4476785.297,335582.777,2104.557,r120_05-20
43207.0,4476772.091,335587.813,2104.865,r120_05-20
43208.0,4476755.398,335592.576,2105.569,r120_05-20
43209.0,4476740.009,335594.652,2106.46,r120_05-20
43230,4476424.665,335606.467,2122.304,r220_05-20
43229,4476441.483,335607.497,2121.883,r220_05-20
43228,4476455.476,335608.38,2121.463,r220_05-20
43227,4476469.625,335609.174,2121.138,r220_05-20
43226,4476484.493,335609.994,2120.789,r220_05-20
43225,4476497.567,335613.336,2119.213,r220_05-20
43224,4476514.422,335613.403,2119.721,r220_05-20
43223,4476528.399,335612.236,2120.196,r220_05-20
43222,4476545.892,335610.339,2120.387,r220_05-20
43221,4476558.258,335606.202,2121.803,r220_05-20
43220,4476573.076,335604.204,2122.648,r220_05-20
43219,4476589.029,335600.341,2123.463,r220_05-20
43218,4476604.771,335597.67,2123.945,r220_05-20
43217,4476620.175,335595.808,2124.094,r220_05-20
43216,4476634.731,335594.21,2124.392,r220_05-20
43215,4476651.118,335593.28,2124.511,r220_05-20
43214,4476665.866,335592.755,2123.901,r220_05-20
43213,4476677.756,335593.231,2123.614,r220_05-20
43212,4476693.306,335594.056,2122.878,r220_05-20
43210,4476723.19,335596.152,2120.554,r220_05-20
43191,4477135.207,338908.218,2167.256,r220_05-20
43193,4477163.513,338887.112,2167.055,r220_05-20
43195,4477184.81,338867.427,2165.754,r220_05-20
43197,4477208.244,338841.539,2164.77,r220_05-20
43199,4477227.255,338823.368,2164.148,r220_05-20
43201,4477250.85,338813.263,2163.578,r220_05-20
43203,4477278.799,338805.598,2162.647,r220_05-20
43205,4477308.667,338797.958,2161.108,r220_05-20
43207,4477346.34,338791.687,2159.737,r220_05-20
43209,4477371.476,338786.839,2158.12,r220_05-20
45211,4477395.878,338773.48,2157.131,r220_05-20
45213,4477420.461,338759.406,2156.304,r220_05-20
45215,4477450.816,338755.598,2155.724,r220_05-20
45217,4477480.41,338758.942,2156.245,r220_05-20
45219,4477511.066,338747.222,2155.817,r220_05-20
45221,4477520.928,338724.793,2155.427,r220_05-20
45223,4477547.27,338708.117,2154.089,r220_05-20
45225,4477571.908,338704.375,2152.518,r220_05-20
43396,4475883.857,337590.947,2239.065,r320_05-20
43397,4475886.983,337605.348,2238.476,r320_05-20
43398,4475890.607,337619.327,2237.725,r320_05-20
43399,4475894.406,337631.889,2236.89,r320_05-20
43400,4475899.423,337649.256,2236.022,r320_05-20
43401,4475899.218,337658.905,2235.594,r320_05-20
43402,4475904.435,337673.232,2235.279,r320_05-20
43403,4475906.474,337685.638,2234.701,r320_05-20
43404,4475909.902,337700.549,2234.261,r320_05-20
43405,4475913.516,337715.174,2233.683,r320_05-20
43406,4475917.825,337728.498,2233.497,r320_05-20
43407,4475921.86,337742.523,2232.688,r320_05-20
43408,4475925.869,337754.89,2232.241,r320_05-20
43409,4475931.024,337770.4,2231.546,r320_05-20
43410,4475936.52,337786.694,2230.653,r320_05-20
43411,4475940.225,337798.504,2229.841,r320_05-20
43412,4475945.283,337812.188,2228.999,r320_05-20
43413,4475951.556,337828.672,2228.25,r320_05-20
43414,4475956.266,337842.378,2227.425,r320_05-20
43415,4475962.252,337858.271,2226.647,r320_05-20
43416,4475967.483,337868.478,2226.793,r320_05-20
43417,4475972.187,337884.707,2225.675,r320_05-20
43418,4475975.686,337900.515,2224.768,r320_05-20
43419,4475978.83,337915.192,2224.632,r320_05-20
43420,4475981.084,337933.427,2223.877,r320_05-20
43421,4475982.337,337947.387,2223.183,r320_05-20
43422,4475983.295,337961.474,2222.818,r320_05-20
43423,4475983.598,337976.429,2222.246,r320_05-20
43424,4475984.509,337990.409,2222.023,r320_05-20
43425,4475985.414,338005.367,2221.455,r320_05-20
43426,4475986.713,338023.042,2221.129,r320_05-20
43427,4475988.021,338038.768,2220.692,r320_05-20
43428,4475988.44,338053.425,2220.083,r320_05-20
43429,4475990.045,338068.762,2219.691,r320_05-20
43430,4475992.071,338081.778,2218.855,r320_05-20
43431,4475989.221,338098.253,2217.782,r320_05-20
43432,4475986.707,338113.825,2215.949,r320_05-20
43433,4475983.621,338126.259,2215.027,r320_05-20
43434,4475978.037,338140.441,2214.31,r320_05-20
43435,4475972.786,338154.747,2213.722,r320_05-20
43436,4475966.934,338169.121,2213.005,r320_05-20
43437,4475960.728,338183.838,2212.335,r320_05-20
43438,4475954.516,338197.881,2212.034,r320_05-20
43522,4476073.467,339362.387,2181.137,r420_05-20
43521,4476082.941,339355.802,2181.097,r420_05-20
43520,4476088.575,339344.278,2181.757,r420_05-20
43519,4476092.082,339331.025,2182.044,r420_05-20
43518,4476093.67,339315.166,2182.1,r420_05-20
43517,4476095.77,339299.781,2181.861,r420_05-20
43516,4476096.283,339286.283,2181.552,r420_05-20
43515,4476095.742,339272.973,2181.615,r420_05-20
43514,4476095.502,339257.483,2181.669,r420_05-20
43513,4476096.647,339241.875,2181.59,r420_05-20
43512,4476095.888,339228.242,2181.666,r420_05-20
43511,4476096.353,339210.575,2181.293,r420_05-20
43510,4476095.976,339195.692,2180.908,r420_05-20
43509,4476096.064,339181.374,2180.82,r420_05-20
43508,4476096.729,339167.814,2180.804,r420_05-20
43507,4476097.944,339150.254,2180.844,r420_05-20
43506,4476097.437,339141.5,2180.708,r420_05-20
43505,4476097.694,339119.697,2180.669,r420_05-20
43504,4476099.149,339106.328,2181.314,r420_05-20
43503,4476100.191,339074.284,2181.767,r420_05-20
43502,4476100.051,339063.128,2182.049,r420_05-20
43501,4476099.848,339044.112,2183.0,r420_05-20
43500,4476098.863,339033.383,2183.517,r420_05-20
43498,4476093.352,339016.449,2184.562,r420_05-20
43497,4476086.137,339002.232,2185.462,r420_05-20
43496,4476077.03,338988.086,2186.124,r420_05-20
43495,4476065.175,338975.185,2186.305,r420_05-20
43494,4476056.145,338967.482,2186.475,r420_05-20
43493,4476044.798,338957.833,2186.622,r420_05-20
43492,4476034.182,338947.946,2186.789,r420_05-20
43491,4476022.059,338937.125,2187.555,r420_05-20
43490,4476014.842,338923.135,2190.938,r420_05-20
43489,4476006.606,338914.303,2192.761,r420_05-20
43488,4475998.193,338901.941,2193.58,r420_05-20
43487,4475993.0,338890.248,2193.3,r420_05-20
43486,4475986.381,338877.952,2192.268,r420_05-20
43485,4475980.697,338864.091,2192.69,r420_05-20
43484,4475975.436,338852.981,2193.193,r420_05-20
43483,4475968.554,338838.171,2192.889,r420_05-20
43482,4475961.966,338823.689,2191.896,r420_05-20
43481,4475955.533,338808.622,2191.483,r420_05-20
43480,4475951.243,338795.586,2191.717,r420_05-20
43479,4475945.856,338780.259,2191.969,r420_05-20
43478,4475941.621,338767.533,2192.474,r420_05-20
43477,4475936.536,338752.424,2193.176,r420_05-20
43476,4475930.138,338735.163,2194.684,r420_05-20
43475,4475924.002,338722.088,2195.322,r420_05-20
43474,4475917.015,338709.632,2196.196,r420_05-20
43473,4475908.488,338694.779,2196.964,r420_05-20
43472,4475900.809,338680.979,2197.394,r420_05-20
43471,4475894.934,338670.556,2197.711,r420_05-20
43470,4475886.164,338655.907,2198.251,r420_05-20
43469,4475880.64,338644.655,2198.608,r420_05-20
43468,4475874.27,338630.462,2199.244,r420_05-20
43467,4475870.662,338618.008,2199.618,r420_05-20
43466,4475868.756,338602.665,2199.807,r420_05-20
43465,4475868.309,338590.226,2200.141,r420_05-20
43464,4475867.817,338575.547,2200.746,r420_05-20
43463,4475867.878,338561.872,2201.05,r420_05-20
43462,4475867.337,338547.625,2201.656,r420_05-20
43461,4475867.846,338531.399,2202.283,r420_05-20
43460,4475869.429,338516.654,2202.916,r420_05-20
43459,4475871.958,338502.966,2203.393,r420_05-20
43458,4475877.045,338488.098,2203.911,r420_05-20
43457,4475882.567,338472.239,2203.233,r420_05-20
43456,4475887.433,338461.248,2202.973,r420_05-20
43455,4475892.017,338445.698,2203.446,r420_05-20
43454,4475897.674,338429.106,2203.131,r420_05-20
43453,4475899.512,338416.319,2204.378,r420_05-20
43452,4475901.344,338401.163,2206.147,r420_05-20
43451,4475902.911,338385.253,2207.009,r420_05-20
43450,4475904.702,338370.315,2207.435,r420_05-20
43449,4475906.699,338356.714,2207.965,r420_05-20
43448,4475907.947,338342.611,2208.081,r420_05-20
43447,4475911.112,338327.822,2208.955,r420_05-20
43446,4475914.747,338310.527,2209.224,r420_05-20
43445,4475918.06,338297.67,2209.59,r420_05-20
43444,4475921.723,338282.758,2209.709,r420_05-20
43443,4475927.062,338267.853,2210.17,r420_05-20
43442,4475931.962,338254.897,2210.258,r420_05-20
43441,4475937.493,338242.441,2210.651,r420_05-20
43440,4475942.844,338228.971,2210.876,r420_05-20
43439,4475948.865,338212.62,2211.219,r420_05-20
45101,4476058.937,339374.296,2181.173,r520_05-20
45102,4476067.885,339383.847,2181.033,r520_05-20
45103,4476076.219,339394.6,2181.385,r520_05-20
45104,4476087.835,339408.539,2181.629,r520_05-20
45105,4476099.184,339414.171,2181.774,r520_05-20
45106,4476112.236,339419.198,2181.686,r520_05-20
45107,4476126.042,339423.691,2181.786,r520_05-20
45108,4476140.832,339427.593,2181.307,r520_05-20
45109,4476155.231,339431.122,2181.366,r520_05-20
45110,4476170.865,339435.871,2181.959,r520_05-20
45111,4476184.729,339440.052,2182.41,r520_05-20
45112,4476198.076,339443.718,2182.264,r520_05-20
45113,4476212.143,339448.074,2181.778,r520_05-20
45114,4476226.017,339451.521,2180.995,r520_05-20
45115,4476241.262,339456.05,2180.307,r520_05-20
45116,4476255.851,339460.2,2179.97,r520_05-20
45117,4476273.9,339458.215,2179.567,r520_05-20
45118,4476289.787,339452.957,2179.591,r520_05-20
45119,4476306.626,339439.938,2179.49,r520_05-20
45120,4476312.475,339433.698,2179.226,r520_05-20
45121,4476323.389,339423.257,2178.6,r520_05-20
45122,4476335.671,339412.945,2178.295,r520_05-20
45123,4476345.985,339402.44,2178.044,r520_05-20
45124,4476359.992,339395.039,2177.744,r520_05-20
45125,4476368.124,339385.262,2177.728,r520_05-20
45126,4476381.551,339376.575,2177.144,r520_05-20
45127,4476393.746,339365.965,2176.934,r520_05-20
45128,4476405.055,339358.334,2177.735,r520_05-20
45129,4476416.904,339349.539,2177.473,r520_05-20
45130,4476429.048,339340.373,2176.946,r520_05-20
45131,4476441.65,339330.452,2176.371,r520_05-20
45132,4476453.833,339320.741,2175.883,r520_05-20
45133,4476463.377,339311.82,2175.729,r520_05-20
45134,4476475.322,339303.761,2174.814,r520_05-20
45135,4476486.598,339293.953,2174.451,r520_05-20
45136,4476499.893,339284.799,2174.747,r520_05-20
45137,4476511.628,339276.434,2175.468,r520_05-20
45138,4476524.965,339267.915,2175.828,r520_05-20
45139,4476536.742,339259.352,2175.385,r520_05-20
45140,4476550.91,339252.242,2174.009,r520_05-20
45141,4476564.065,339242.852,2174.027,r520_05-20
45142,4476575.783,339235.458,2173.928,r520_05-20
45143,4476590.504,339228.857,2173.722,r520_05-20
45144,4476606.802,339224.812,2173.383,r520_05-20
45145,4476621.063,339224.627,2173.594,r520_05-20
45146,4476634.89,339224.366,2173.339,r520_05-20
45147,4476648.659,339224.027,2173.402,r520_05-20
45148,4476662.71,339224.116,2173.488,r520_05-20
45149,4476677.693,339224.582,2173.501,r520_05-20
45150,4476693.007,339224.72,2173.468,r520_05-20
45151,4476708.672,339224.519,2173.105,r520_05-20
45152,4476723.149,339224.434,2172.474,r520_05-20
45153,4476737.956,339224.659,2172.171,r520_05-20
45154,4476753.709,339224.409,2172.186,r520_05-20
45155,4476767.646,339223.954,2171.995,r520_05-20
45156,4476783.249,339223.182,2172.198,r520_05-20
45157,4476798.645,339223.55,2172.324,r520_05-20
45158,4476812.387,339222.38,2172.068,r520_05-20
45159,4476828.715,339221.815,2171.548,r520_05-20
45160,4476842.167,339220.729,2171.139,r520_05-20
45161,4476857.286,339219.446,2170.83,r520_05-20
45162,4476871.894,339217.553,2170.469,r520_05-20
45163,4476887.27,339213.711,2169.453,r520_05-20
45164,4476897.843,339210.09,2168.683,r520_05-20
45165,4476913.679,339204.656,2167.845,r520_05-20
45166,4476925.995,339197.59,2167.214,r520_05-20
45167,4476941.525,339189.038,2166.681,r520_05-20
45168,4476952.243,339180.966,2166.193,r520_05-20
45169,4476964.272,339172.582,2165.693,r520_05-20
45170,4476977.607,339161.701,2165.314,r520_05-20
45171,4476989.385,339144.037,2164.567,r520_05-20
45172,4476994.36,339134.782,2164.028,r520_05-20
45173,4476999.887,339122.687,2163.599,r520_05-20
45174,4477007.083,339107.765,2163.425,r520_05-20
45175,4477011.442,339094.56,2163.092,r520_05-20
45176,4477013.836,339078.967,2162.242,r520_05-20
45177,4477016.212,339062.85,2161.572,r520_05-20
45178,4477018.9,339048.53,2160.974,r520_05-20
45179,4477021.255,339032.915,2160.04,r520_05-20
45180,4477022.603,339020.325,2159.076,r520_05-20
45181,4477027.65,339005.724,2158.243,r520_05-20
45182,4477034.07,338991.46,2157.558,r520_05-20
45183,4477040.129,338980.007,2157.16,r520_05-20
45184,4477044.06,338962.168,2157.079,r520_05-20
45185,4477063.39,338956.746,2156.609,r520_05-20
45186,4477075.804,338950.999,2156.545,r520_05-20
45187,4477086.933,338944.606,2156.286,r520_05-20
45188,4477100.415,338935.118,2155.897,r520_05-20
45189,4477113.079,338925.266,2155.312,r520_05-20
45190,4477125.011,338916.017,2154.891,r520_05-20
45192,4477151.203,338897.221,2154.796,r520_05-20
45194,4477172.719,338879.548,2154.121,r520_05-20
45196,4477195.14,338857.996,2152.608,r520_05-20
45198,4477218.032,338832.682,2152.318,r520_05-20
45200,4477239.083,338818.122,2151.562,r520_05-20
45202,4477264.566,338809.261,2150.787,r520_05-20
45204,4477291.326,338802.273,2149.585,r520_05-20
45206,4477333.075,338793.387,2147.531,r520_05-20
45208,4477359.219,338789.942,2146.302,r520_05-20
45210,4477385.409,338780.905,2145.066,r520_05-20
45212,4477409.424,338763.308,2144.187,r520_05-20
45214,4477439.066,338756.436,2143.307,r520_05-20
45216,4477465.594,338756.515,2143.441,r520_05-20
45218,4477494.995,338757.597,2143.59,r520_05-20
45220,4477512.841,338737.101,2142.982,r520_05-20
45222,4477537.626,338712.923,2141.999,r520_05-20
45224,4477556.342,338705.284,2141.168,r520_05-20
45226,4477588.937,338706.26,2139.215,r520_05-20
45384,4479570.99,337663.226,2065.876,r121_05-21
45386,4479585.16,337638.711,2065.749,r121_05-21
45388,4479597.381,337608.648,2065.491,r121_05-21
45390,4479620.258,337588.356,2064.6,r121_05-21
45392,4479649.703,337576.506,2063.899,r121_05-21
45394,4479675.839,337558.212,2064.275,r121_05-21
45396,4479698.489,337537.97,2063.85,r121_05-21
45398,4479724.107,337525.083,2064.488,r121_05-21
45400,4479747.841,337506.339,2064.69,r121_05-21
45402,4479775.331,337488.191,2065.67,r121_05-21
45404,4479798.479,337470.387,2065.812,r121_05-21
45406,4479821.878,337450.174,2065.185,r121_05-21
45408,4479840.935,337431.926,2063.444,r121_05-21
45410,4479865.939,337414.533,2061.775,r121_05-21
45412,4479891.177,337401.905,2060.732,r121_05-21
45414,4479919.413,337389.505,2059.504,r121_05-21
45416,4479945.059,337375.372,2058.83,r121_05-21
45418,4479974.104,337368.359,2058.028,r121_05-21
45420,4480003.717,337366.671,2057.408,r121_05-21
45422,4480035.269,337366.297,2056.757,r121_05-21
45424,4480060.876,337356.534,2056.593,r121_05-21
45426,4480086.717,337346.872,2056.526,r121_05-21
45428,4480117.356,337333.121,2056.066,r121_05-21
45430,4480146.028,337326.851,2054.947,r121_05-21
45432,4480178.377,337327.048,2054.602,r121_05-21
45434,4480199.306,337299.79,2054.086,r121_05-21
45436,4480224.878,337283.399,2053.779,r121_05-21
45438,4480255.645,337271.905,2053.823,r121_05-21
45440,4480284.234,337260.829,2053.839,r121_05-21
45442,4480311.326,337249.286,2053.564,r121_05-21
45444,4480337.488,337237.916,2052.084,r121_05-21
45446,4480365.769,337227.735,2052.067,r121_05-21
45448,4480393.81,337214.462,2052.053,r121_05-21
45450,4480420.174,337202.952,2051.328,r121_05-21
45452,4480449.757,337189.992,2050.736,r121_05-21
45454,4480475.882,337176.077,2049.625,r121_05-21
45456,4480502.981,337161.571,2049.042,r121_05-21
45458,4480527.091,337151.379,2048.761,r121_05-21
45460,4480558.34,337143.872,2048.123,r121_05-21
45462,4480586.125,337134.302,2047.616,r121_05-21
45464,4480612.88,337122.731,2047.456,r121_05-21
45466,4480637.164,337108.53,2046.44,r121_05-21
45468,4480665.722,337096.084,2045.832,r121_05-21
45470,4480691.069,337079.807,2045.286,r121_05-21
45472,4480716.56,337066.01,2044.894,r121_05-21
45474,4480746.801,337059.247,2043.784,r121_05-21
45476,4480777.345,337050.303,2044.306,r121_05-21
45478,4480805.177,337054.011,2043.663,r121_05-21
45480,4480836.984,337054.661,2043.003,r121_05-21
45482,4480867.861,337056.924,2041.374,r121_05-21
45484,4480894.855,337059.026,2041.032,r121_05-21
45486,4480922.127,337058.177,2040.346,r121_05-21
45488,4480948.502,337057.585,2040.117,r121_05-21
45490,4480972.781,337056.277,2039.785,r121_05-21
45492,4481012.099,337053.027,2039.374,r121_05-21
45494,4481045.334,337050.806,2038.997,r121_05-21
45496,4481076.001,337045.528,2038.468,r121_05-21
45498,4481104.33,337040.89,2037.839,r121_05-21
45500,4481134.218,337038.215,2037.456,r121_05-21
45502,4481161.98,337035.622,2036.614,r121_05-21
45504,4481195.431,337031.14,2036.937,r121_05-21
45506,4481223.687,337021.993,2037.381,r121_05-21
45508,4481250.991,337009.095,2037.435,r121_05-21
45510,4481278.242,336996.433,2037.024,r121_05-21
45512,4481304.949,336983.493,2036.939,r121_05-21
45514,4481332.467,336970.14,2037.414,r121_05-21
45516,4481356.93,336951.765,2037.239,r121_05-21
45518,4481373.703,336928.773,2037.095,r121_05-21
45520,4481395.146,336901.179,2036.332,r121_05-21
45522,4481411.535,336879.609,2035.465,r121_05-21
45524,4481430.725,336855.117,2035.318,r121_05-21
45526,4481447.339,336833.009,2035.565,r121_05-21
45528,4481464.615,336808.273,2033.868,r121_05-21
45383,4479560.55,337676.814,2066.596,r221_05-21
45381,4479539.798,337690.651,2066.808,r221_05-21
45379,4479509.586,337708.456,2067.647,r221_05-21
45377,4479482.257,337724.141,2068.98,r221_05-21
45375,4479456.107,337729.85,2069.075,r221_05-21
45373,4479425.149,337729.764,2070.121,r221_05-21
45371,4479392.999,337734.483,2071.552,r221_05-21
45369,4479365.697,337739.443,2072.607,r221_05-21
45367,4479337.007,337749.518,2072.331,r221_05-21
45365,4479306.742,337756.541,2073.019,r221_05-21
45363,4479278.807,337763.793,2074.477,r221_05-21
45361,4479249.3,337767.32,2074.617,r221_05-21
45359,4479221.121,337775.379,2074.96,r221_05-21
45357,4479189.589,337777.261,2075.771,r221_05-21
45355,4479159.02,337780.35,2077.008,r221_05-21
45353,4479130.752,337792.477,2077.892,r221_05-21
45351,4479113.219,337815.747,2078.795,r221_05-21
45349,4479100.914,337844.373,2079.722,r221_05-21
45347,4479090.107,337868.885,2080.763,r221_05-21
45345,4479073.72,337892.345,2081.951,r221_05-21
45343,4479055.04,337917.752,2082.786,r221_05-21
45341,4479036.453,337941.763,2083.978,r221_05-21
45339,4479023.117,337966.121,2085.427,r221_05-21
45337,4479005.366,337989.585,2086.079,r221_05-21
45335,4478982.731,338011.509,2086.296,r221_05-21
45333,4478957.572,338028.593,2086.525,r221_05-21
45331,4478930.988,338043.316,2088.015,r221_05-21
45329,4478903.139,338057.781,2088.525,r221_05-21
45327,4478878.463,338077.958,2089.497,r221_05-21
45325,4478861.001,338099.849,2091.362,r221_05-21
45323,4478840.965,338120.083,2093.653,r221_05-21
45321,4478818.904,338137.358,2095.088,r221_05-21
45319,4478787.155,338148.722,2095.201,r221_05-21
45317,4478761.018,338164.687,2095.788,r221_05-21
45315,4478727.593,338158.112,2096.824,r221_05-21
45313,4478697.578,338173.989,2097.986,r221_05-21
45311,4478666.297,338179.436,2098.873,r221_05-21
45309,4478643.113,338185.981,2099.558,r221_05-21
45307,4478621.38,338191.87,2100.048,r221_05-21
45305,4478601.323,338203.55,2100.545,r221_05-21
45303,4478582.639,338225.306,2102.173,r221_05-21
45301,4478554.976,338239.529,2102.723,r221_05-21
45299,4478523.328,338237.444,2103.525,r221_05-21
45297,4478491.246,338240.618,2104.837,r221_05-21
45382,4479547.179,337686.824,2066.847,r321_05-21
45380,4479525.983,337699.998,2067.035,r321_05-21
45378,4479496.851,337716.954,2068.434,r321_05-21
45376,4479470.804,337727.817,2069.046,r321_05-21
45374,4479441.032,337729.806,2069.584,r321_05-21
45372,4479409.422,337731.266,2070.702,r321_05-21
45370,4479382.031,337735.99,2072.009,r321_05-21
45368,4479350.864,337744.774,2072.506,r321_05-21
45366,4479321.88,337753.326,2072.619,r321_05-21
45364,4479293.189,337760.329,2073.746,r321_05-21
45362,4479262.76,337758.306,2074.629,r321_05-21
45360,4479234.574,337774.045,2074.762,r321_05-21
45358,4479204.659,337775.838,2075.166,r321_05-21
45356,4479174.535,337779.393,2076.264,r321_05-21
45354,4479142.767,337783.804,2077.647,r321_05-21
45352,4479120.589,337803.337,2078.266,r321_05-21
45350,4479107.146,337830.172,2079.153,r321_05-21
45348,4479098.203,337854.835,2080.147,r321_05-21
45346,4479082.048,337880.835,2081.278,r321_05-21
45344,4479064.038,337904.492,2082.389,r321_05-21
45342,4479045.567,337929.287,2083.197,r321_05-21
45340,4479030.081,337954.308,2084.826,r321_05-21
45338,4479014.794,337977.125,2085.81,r321_05-21
45336,4478994.092,338002.269,2086.187,r321_05-21
45334,4478970.857,338019.814,2086.319,r321_05-21
45332,4478944.881,338035.652,2087.225,r321_05-21
45330,4478917.452,338050.502,2088.334,r321_05-21
45328,4478888.363,338069.195,2089.191,r321_05-21
45326,4478871.839,338086.868,2090.382,r321_05-21
45324,4478850.422,338110.094,2092.391,r321_05-21
45322,4478830.739,338129.616,2094.651,r321_05-21
45320,4478803.76,338143.522,2095.005,r321_05-21
45318,4478776.409,338156.473,2095.299,r321_05-21
45316,4478742.616,338157.894,2096.38,r321_05-21
45314,4478711.851,338159.607,2097.291,r321_05-21
45312,4478682.278,338176.415,2098.48,r321_05-21
45310,4478650.982,338184.301,2099.609,r321_05-21
45308,4478634.834,338189.423,2100.114,r321_05-21
45306,4478611.195,338197.688,2100.712,r321_05-21
45304,4478588.768,338214.066,2100.973,r321_05-21
45302,4478570.169,338235.375,2102.502,r321_05-21
45300,4478541.556,338239.41,2102.981,r321_05-21
45298,4478509.541,338237.762,2104.212,r321_05-21
45296,4478475.913,338244.882,2105.388,r321_05-21
45294,4478461.388,338249.66,2106.138,r321_05-21
45293,4478446.221,338253.222,2106.511,r321_05-21
45292,4478430.59,338253.865,2107.02,r321_05-21
45291,4478415.113,338254.08,2107.278,r321_05-21
45290,4478400.581,338254.172,2107.599,r321_05-21
45289,4478386.806,338257.198,2107.81,r321_05-21
45288,4478372.926,338262.069,2108.287,r321_05-21
45287,4478361.105,338269.633,2108.739,r321_05-21
45286,4478348.318,338277.283,2109.409,r321_05-21
45285,4478336.428,338284.363,2109.972,r321_05-21
45284,4478324.342,338291.583,2110.858,r321_05-21
45283,4478312.118,338297.342,2112.046,r321_05-21
45282,4478296.82,338300.476,2113.204,r321_05-21
45281,4478282.039,338299.827,2114.194,r321_05-21
45280,4478264.584,338294.602,2114.721,r321_05-21
45279,4478249.653,338298.796,2115.179,r321_05-21
45278,4478235.794,338305.625,2115.857,r321_05-21
45277,4478226.179,338320.087,2116.681,r321_05-21
45276,4478214.655,338329.345,2117.267,r321_05-21
45275,4478203.472,338336.315,2117.54,r321_05-21
45274,4478189.875,338346.006,2117.719,r321_05-21
45273,4478177.264,338354.652,2117.77,r321_05-21
45272,4478163.681,338361.749,2117.9,r321_05-21
45271,4478149.822,338367.818,2118.241,r321_05-21
45270,4478137.944,338372.702,2118.897,r321_05-21
45269,4478124.124,338378.809,2119.869,r321_05-21
45268,4478110.573,338385.49,2120.404,r321_05-21
45267,4478097.641,338392.962,2120.655,r321_05-21
45266,4478085.066,338401.661,2121.044,r321_05-21
45265,4478072.404,338408.277,2121.89,r321_05-21
45264,4478054.707,338407.31,2121.778,r321_05-21
45263,4478040.304,338405.132,2121.603,r321_05-21
45262,4478023.218,338405.16,2121.58,r321_05-21
45261,4478007.815,338408.273,2121.62,r321_05-21
45260,4477992.507,338413.331,2121.972,r321_05-21
45259,4477979.703,338419.868,2122.767,r321_05-21
45258,4477973.459,338427.616,2123.213,r321_05-21
45257,4477965.515,338441.235,2123.312,r321_05-21
45256,4477957.267,338454.66,2123.975,r321_05-21
45255,4477948.401,338467.036,2124.243,r321_05-21
45254,4477937.264,338478.11,2124.855,r321_05-21
45253,4477923.649,338486.984,2125.466,r321_05-21
45252,4477911.265,338492.946,2125.583,r321_05-21
45251,4477896.489,338500.795,2126.587,r321_05-21
45250,4477881.57,338505.356,2126.828,r321_05-21
45249,4477872.447,338507.109,2127.148,r321_05-21
45248,4477857.791,338509.11,2127.795,r321_05-21
45247,4477842.695,338510.524,2128.677,r321_05-21
45246,4477829.252,338512.572,2129.442,r321_05-21
45245,4477816.078,338517.273,2130.107,r321_05-21
45244,4477801.745,338530.218,2131.33,r321_05-21
45243,4477795.68,338538.807,2132.106,r321_05-21
45242,4477789.348,338550.114,2132.721,r321_05-21
45241,4477785.784,338565.307,2132.726,r321_05-21
45240,4477777.015,338578.055,2132.679,r321_05-21
45239,4477755.732,338583.084,2132.901,r321_05-21
45238,4477744.673,338586.996,2133.611,r321_05-21
45237,4477729.602,338592.053,2134.065,r321_05-21
45236,4477715.027,338597.985,2134.619,r321_05-21
45235,4477703.249,338607.603,2134.889,r321_05-21
45234,4477695.404,338620.212,2134.982,r321_05-21
45233,4477689.844,338636.397,2135.312,r321_05-21
45232,4477688.714,338658.578,2136.11,r321_05-21
45385,4479579.15,337651.532,2078.51,r421_05-21
45387,4479587.922,337620.596,2077.946,r421_05-21
45389,4479608.554,337598.425,2077.482,r421_05-21
45391,4479637.194,337583.732,2076.367,r421_05-21
45393,4479662.548,337566.96,2076.291,r421_05-21
45395,4479687.946,337545.553,2076.294,r421_05-21
45397,4479711.262,337532.562,2077.127,r421_05-21
45399,4479736.292,337516.299,2077.082,r421_05-21
45401,4479766.987,337496.07,2078.024,r421_05-21
45403,4479786.762,337479.05,2078.345,r421_05-21
45405,4479811.412,337459.661,2078.046,r421_05-21
45407,4479831.168,337439.997,2076.596,r421_05-21
45409,4479853.124,337422.741,2074.947,r421_05-21
45411,4479876.437,337409.65,2074.09,r421_05-21
45413,4479905.72,337396.023,2072.424,r421_05-21
45415,4479931.941,337382.566,2071.621,r421_05-21
45417,4479958.888,337370.009,2070.788,r421_05-21
45419,4480003.703,337366.753,2069.841,r421_05-21
45419-1,4479990.401,337371.527,2070.807,r421_05-21
45421,4480019.245,337366.9,2069.411,r421_05-21
45423,4480047.647,337363.24,2069.199,r421_05-21
45425,4480077.29,337348.755,2069.033,r421_05-21
45427,4480103.899,337338.416,2068.758,r421_05-21
45429,4480130.604,337330.207,2068.286,r421_05-21
45431,4480163.962,337324.29,2067.046,r421_05-21
45433,4480187.261,337311.445,2066.767,r421_05-21
45435,4480214.572,337290.304,2066.164,r421_05-21
45437,4480239.787,337275.697,2066.108,r421_05-21
45439,4480268.488,337266.987,2066.348,r421_05-21
45441,4480297.937,337254.982,2065.956,r421_05-21
45443,4480323.655,337243.872,2065.42,r421_05-21
45445,4480350.166,337232.628,2064.164,r421_05-21
45447,4480378.702,337221.194,2064.79,r421_05-21
45449,4480405.301,337209.492,2064.265,r421_05-21
45451,4480434.522,337196.261,2063.197,r421_05-21
45453,4480463.741,337182.944,2062.625,r421_05-21
45455,4480488.767,337170.223,2061.922,r421_05-21
45457,4480517.228,337154.657,2061.325,r421_05-21
45459,4480541.77,337148.059,2060.992,r421_05-21
45461,4480571.499,337140.368,2060.296,r421_05-21
45463,4480597.992,337129.389,2060.005,r421_05-21
45465,4480624.919,337117.078,2059.294,r421_05-21
45467,4480652.465,337103.241,2058.103,r421_05-21
45469,4480678.384,337087.826,2057.85,r421_05-21
45471,4480703.104,337072.033,2057.656,r421_05-21
45473,4480731.172,337058.162,2057.338,r421_05-21
45475,4480761.611,337056.406,2055.476,r421_05-21
45477,4480790.657,337051.773,2056.464,r421_05-21
45479,4480820.771,337054.668,2055.965,r421_05-21
45481,4480851.57,337055.093,2055.103,r421_05-21
45483,4480882.09,337059.42,2053.98,r421_05-21
45485,4480906.511,337058.607,2053.129,r421_05-21
45487,4480936.426,337058.243,2052.638,r421_05-21
45489,4480958.232,337056.908,2052.453,r421_05-21
45491,4480990.656,337054.935,2051.566,r421_05-21
45493,4481027.036,337051.991,2051.488,r421_05-21
45495,4481060.43,337048.499,2051.192,r421_05-21
45497,4481089.8,337043.081,2050.562,r421_05-21
45499,4481117.301,337039.731,2050.261,r421_05-21
45501,4481149.907,337036.419,2049.987,r421_05-21
45503,4481178.194,337037.576,2049.528,r421_05-21
45505,4481208.758,337026.279,2049.808,r421_05-21
45507,4481238.048,337016.24,2049.484,r421_05-21
45509,4481265.15,337002.683,2049.643,r421_05-21
45511,4481291.032,336990.354,2049.341,r421_05-21
45513,4481321.02,336975.77,2049.657,r421_05-21
45515,4481344.237,336963.529,2049.786,r421_05-21
45517,4481365.865,336939.735,2049.572,r421_05-21
45519,4481383.315,336915.49,2049.328,r421_05-21
45521,4481405.486,336888.035,2048.224,r421_05-21
45523,4481421.507,336867.252,2047.758,r421_05-21
45525,4481437.814,336845.21,2047.901,r421_05-21
45527,4481457.247,336819.397,2047.391,r421_05-21
45529,4481473.552,336798.464,2046.081,r421_05-21
45530,4481483.589,336785.175,2046.415,r421_05-21
45531,4481495.921,336776.692,2049.406,r421_05-21
45220,4477512.591,338737.329,2157.836,r421_05-21
45221,4477520.598,338725.045,2157.782,r421_05-21
45222,4477537.311,338713.19,2156.8,r421_05-21
45223,4477546.96,338708.341,2156.441,r421_05-21
45224,4477556.039,338705.548,2155.962,r421_05-21
45225,4477571.57,338704.547,2154.841,r421_05-21
45226,4477588.656,338706.537,2154.04,r421_05-21
45227,4477604.461,338707.213,2153.047,r421_05-21
45228,4477619.942,338707.37,2151.412,r421_05-21
45229,4477634.54,338705.982,2150.983,r421_05-21
45230,4477647.864,338703.791,2150.666,r421_05-21
45231,4477659.034,338697.438,2150.693,r421_05-21
45232,4477666.587,338681.406,2150.447,r421_05-21
45233,4477681.639,338672.194,2149.379,r421_05-21
45234,4477688.711,338658.709,2148.546,r421_05-21
45235,4477689.877,338636.377,2147.803,r421_05-21
45236,4477695.415,338620.296,2147.474,r421_05-21
45237,4477703.245,338607.625,2147.399,r421_05-21
45238,4477714.923,338598.055,2147.116,r421_05-21
45239,4477729.596,338592.061,2146.527,r421_05-21
45240,4477744.621,338587.017,2146.087,r421_05-21
45241,4477755.73,338583.086,2145.397,r421_05-21
45242,4477777.112,338578.131,2145.229,r421_05-21
