Name,X,Y,Z
43101,334041.164,4476897.815,2103.641
43102,334050.59,4476892.771,2103.694
43103,334066.625,4476892.509,2103.198
43104,334081.548,4476892.81,2102.705
43105,334096.908,4476891.186,2102.255
43106,334111.977,4476890.341,2101.732
43107,334128.135,4476890.321,2101.045
43108,334144.124,4476890.351,2100.493
43109,334161.164,4476890.831,2099.843
43110,334178.1,4476889.547,2098.778
43111,334185.571,4476889.729,2098.417
43112,334199.373,4476889.737,2097.707
43113,334213.708,4476889.763,2097.053
43114,334227.982,4476889.73,2096.339
43115,334241.157,4476890.036,2095.801
43116,334255.602,4476889.788,2095.153
43117,334268.815,4476889.979,2094.698
43118,334281.895,4476889.773,2094.112
43119,334301.64,4476889.936,2093.281
43120,334316.029,4476890.999,2092.973
43121,334330.504,4476890.872,2092.561
43122,334345.034,4476890.38,2092.242
43123,334364.885,4476893.362,2091.378
43124,334379.751,4476891.574,2091.102
43125,334394.113,4476891.596,2090.863
43126,334410.338,4476890.729,2090.819
43127,334426.636,4476890.434,2090.836
43128,334441.778,4476890.992,2090.21
43129,334458.497,4476891.488,2090.413
43130,334471.958,4476890.25,2091.718
43131,334485.507,4476891.26,2092.631
43132,334500.041,4476891.292,2093.668
43133,334513.613,4476890.759,2093.967
43134,334529.862,4476891.353,2094.21
43135,334545.384,4476891.717,2093.97
43136,334559.331,4476892.069,2093.787
43137,334574.836,4476891.589,2094.104
43138,334589.569,4476891.638,2094.674
43139,334610.225,4476893.914,2094.706
43140,334619.711,4476891.692,2093.9
43141,334635.148,4476892.059,2093.189
43142,334649.432,4476891.46,2092.583
43143,334664.202,4476891.462,2092.137
43144,334679.696,4476891.236,2091.812
43145,334694.471,4476891.724,2091.256
43146,334710.426,4476891.924,2092.175
43147,334724.267,4476891.842,2091.416
43148,334738.395,4476891.343,2091.752
43149,334761.183,4476890.939,2093.129
43150,334771.322,4476890.553,2093.824
43151,334784.925,4476890.608,2094.388
43152,334799.122,4476890.552,2094.54
43153,334815.096,4476891.104,2094.781
43154,334830.124,4476890.76,2095.478
43155,334844.29,4476891.062,2095.933
43156,334861.46,4476890.531,2096.425
43157,334875.276,4476891.726,2096.59
43158,334890.063,4476892.351,2096.727
43159,334902.502,4476891.348,2097.079
43160,334919.083,4476891.756,2097.176
43161,334938.534,4476891.493,2097.01
43162,334953.231,4476891.864,2096.885
43163,334968.265,4476888.947,2098.318
43164,334982.075,4476892.364,2099.059
43165,334996.655,4476890.585,2099.895
43166,335012.099,4476890.456,2100.243
43167,335027.698,4476890.642,2099.985
43168,335043.002,4476891.124,2099.529
43169,335056.382,4476889.542,2099.644
43170,335071.689,4476890.286,2099.4
43171,335086.44,4476890.609,2099.505
43172,335099.866,4476890.528,2099.423
43173,335115.022,4476889.355,2099.523
43174,335129.178,4476889.274,2099.269
43175,335144.068,4476889.064,2098.843
43176,335156.507,4476888.871,2098.364
43177,335171.763,4476888.635,2097.703
43178,335186.685,4476890.761,2095.364
43179,335201.578,4476891.568,2094.054
43180,335216.709,4476889.954,2094.144
43181,335231.649,4476886.977,2095.732
43182,335248.078,4476886.935,2095.949
43183,335263.602,4476887.498,2097.128
43184,335280.556,4476887.213,2097.88
43185,335299.375,4476885.961,2098.119
43186,335313.232,4476885.133,2098.954
43187,335330.332,4476883.233,2100.139
43188,335345.252,4476883.345,2100.889
43189,335356.079,4476879.816,2101.611
43190,335370.853,4476876.794,2102.878
43191,335383.644,4476874.331,2103.711
43192,335399.307,4476871.154,2104.379
43193,335414.923,4476868.176,2104.951
43194,335430.941,4476864.486,2105.135
43195,335439.479,4476862.178,2105.265
43196,335454.431,4476858.049,2105.408
43197,335469.517,4476854.282,2105.408
43198,335483.359,4476850.286,2105.043
43199,335499.199,4476846.111,2104.817
43200,335513.56,4476841.665,2104.049
43201,335527.253,4476836.247,2103.554
43202,335542.568,4476831.628,2103.453
43203,335556.677,4476821.52,2103.412
43204,335567.116,4476808.364,2103.979
43205,335573.919,4476800.306,2104.227
43206,335582.777,4476785.297,2104.557
43207,335587.813,4476772.091,2104.865
43208,335592.576,4476755.398,2105.569
43209,335594.652,4476740.009,2106.46
43210,335596.152,4476723.19,2120.554
43211,335596.3,4476709.4,2121.716
43212,335594.056,4476693.306,2122.878
43213,335593.231,4476677.756,2123.614
43214,335592.755,4476665.866,2123.901
43215,335593.28,4476651.118,2124.511
43216,335594.21,4476634.731,2124.392
43217,335595.808,4476620.175,2124.094
43218,335597.67,4476604.771,2123.945
43219,335600.341,4476589.029,2123.463
43220,335604.204,4476573.076,2122.648
43221,335606.202,4476558.258,2121.803
43222,335610.339,4476545.892,2120.387
43223,335612.236,4476528.399,2120.196
43224,335613.403,4476514.422,2119.721
43225,335613.336,4476497.567,2119.213
43226,335609.994,4476484.493,2120.789
43227,335609.174,4476469.625,2121.138
43228,335608.38,4476455.476,2121.463
43229,335608.039,4476441.315,2108.399
43230,335606.98,4476424.589,2108.833
43231,335605.627,4476408.536,2109.263
43232,335604.752,4476395.626,2109.567
43233,335603.806,4476383.377,2109.882
43234,335602.353,4476367.514,2110.372
43235,335601.016,4476352.367,2110.852
43239,335596.315,4476290.188,2113.02
43240,335594.784,4476274.718,2113.106
43241,335593.495,4476260.609,2113.156
43242,335592.341,4476243.392,2113.216
43243,335593.178,4476228.267,2113.483
43244,335594.984,4476215.501,2113.779
43246,335609.425,4476187.936,2115.109
43247,335618.663,4476177.134,2116.012
43248,335631.526,4476165.666,2116.597
43249,335643.123,4476157.207,2116.674
43250,335655.158,4476146.863,2116.697
43251,335663.1,4476140.076,2116.643
43252,335678.397,4476128.977,2116.864
43253,335690.823,4476121.697,2117.425
43254,335702.656,4476114.073,2118.194
43255,335713.812,4476107.031,2118.931
43256,335728.2,4476097.607,2119.897
43257,335740.078,4476089.674,2120.527
43258,335751.049,4476082.794,2121.173
43259,335764.201,4476074.565,2121.633
43260,335777.742,4476065.882,2122.269
43261,335793.402,4476054.331,2123.017
43262,335803.672,4476047.266,2123.556
43263,335817.173,4476037.017,2124.886
43264,335828.749,4476029.023,2125.903
43265,335838.854,4476021.924,2126.873
43266,335852.552,4476011.312,2127.903
43267,335864.826,4476002.178,2128.974
43268,335876.978,4475994.167,2129.824
43269,335888.073,4475986.241,2130.525
43270,335901.695,4475976.609,2131.618
43271,335913.488,4475968.299,2132.46
43272,335924.421,4475959.972,2133.411
43273,335937.777,4475951.127,2134.071
43274,335948.841,4475943.334,2134.722
43275,335960.544,4475935.173,2135.338
43276,335974.695,4475926.611,2136.022
43277,335987.945,4475919.112,2136.661
43278,336001.616,4475912.607,2137.243
43279,336016.463,4475906.468,2138.002
43280,336030.717,4475902.272,2139.102
43281,336045.085,4475898.62,2140.166
43282,336059.574,4475895.485,2141.103
43283,336073.03,4475892.628,2141.648
43284,336088.588,4475889.961,2142.389
43285,336102.482,4475888.438,2142.954
43286,336116.918,4475887.421,2143.648
43287,336132.523,4475886.255,2143.746
43288,336147.964,4475888.092,2144.468
43289,336161.881,4475890.165,2144.394
43290,336175.31,4475895.146,2144.451
43291,336187.063,4475903.422,2144.723
43292,336200.153,4475911.381,2143.979
43293,336212.576,4475919.823,2143.577
43294,336223.727,4475927.755,2143.499
43295,336235.069,4475936.281,2143.789
43296,336250.067,4475947.784,2144.764
43297,336264.003,4475956.364,2146.338
43298,336274.8,4475963.7,2147.4435
43299,336292.026,4475961.971,2148.549
43300,336304.832,4475970.491,2149.611
43301,336314.003,4475990.91,2150.747
43302,336326.382,4476002.376,2151.857
43303,336337.888,4476012.779,2152.099
43304,336349.115,4476022.724,2152.629
43305,336360.985,4476032.104,2152.723
43306,336372.671,4476040.855,2152.812
43307,336384.857,4476049.75,2152.753
43308,336396.852,4476056.232,2153.052
43309,336411.499,4476063.967,2153.996
43310,336423.173,4476071.884,2155.385
43311,336438.375,4476074.998,2156.272
43312,336452.471,4476075.646,2157.418
43313,336469.314,4476073.64,2159.247
43314,336483.319,4476071.879,2160.616
43315,336497.969,4476069.861,2162.308
43316,336511.986,4476068.574,2163.847
43317,336528.133,4476067.678,2165.17
43318,336545.384,4476068.161,2166.139
43319,336558.751,4476068.542,2166.734
43320,336571.911,4476069.668,2167.368
43321,336587.642,4476070.921,2168.062
43322,336602.847,4476072.005,2169.048
43323,336617.512,4476073.92,2169.998
43324,336634.912,4476074.054,2170.319
43325,336649.094,4476072.497,2170.478
43326,336663.677,4476068.752,2170.607
43327,336677.667,4476064.46,2171.044
43328,336693.152,4476055.586,2171.488
43329,336704.083,4476049.085,2172.018
43330,336717.48,4476040.969,2173.289
43331,336728.557,4476032.027,2173.566
43332,336739.611,4476021.132,2173.98
43333,336749.287,4476008.743,2174.147
43334,336757.479,4475996.012,2174.459
43335,336763.648,4475979.833,2174.773
43336,336767.753,4475966.081,2174.972
43337,336770.089,4475950.988,2175.557
43338,336772.712,4475934.541,2176.369
43339,336774.903,4475920.365,2176.87
43340,336780.488,4475905.455,2177.698
43341,336787.912,4475893.931,2178.579
43342,336796.735,4475883.307,2179.568
43343,336807.357,4475872.745,2180.537
43344,336820.451,4475861.995,2181.865
43345,336832.163,4475855.58,2183.196
43346,336847.26,4475850.888,2184.543
43347,336859.1,4475848.17,2185.464
43348,336875.451,4475845.195,2186.747
43349,336891.356,4475842.594,2187.892
43350,336907.606,4475839.505,2189.167
43351,336919.36,4475836.896,2190.113
43352,336933.004,4475834.798,2191.124
43353,336949.249,4475832.058,2192.293
43354,336963.158,4475828.911,2193.495
43355,336980.119,4475825.568,2194.611
43356,336993.859,4475822.546,2196.09
43357,337009.988,4475819.54,2197.426
43358,337022.616,4475817.432,2198.544
43359,337037.123,4475814.01,2200.123
43360,337051.172,4475811.721,2201.446
43361,337066.496,4475810.684,2202.529
43362,337082.871,4475810.774,2203.9
43363,337097.442,4475811.928,2204.888
43364,337116.622,4475813.632,2206.399
43365,337131.476,4475815.937,2207.275
43366,337145.448,4475818.262,2208.306
43367,337156.177,4475819.742,2209.174
43368,337171.411,4475822.897,2210.045
43369,337186.731,4475825.238,2211.333
43370,337199.633,4475826.644,2212.681
43371,337215.397,4475828.666,2214.218
43372,337231.183,4475831.349,2215.628
43373,337246.429,4475833.962,2216.817
43374,337261.446,4475835.844,2218.271
43375,337275.893,4475837.478,2219.595
43376,337291.525,4475839.811,2220.865
43377,337307.612,4475842.058,2222.115
43378,337321.37,4475844.463,2223.357
43379,337336.719,4475847.723,2224.642
43380,337351.794,4475850.588,2225.811
43381,337365.628,4475852.723,2227.067
43382,337381.337,4475855.009,2228.253
43383,337396.733,4475857.544,2229.735
43384,337413.251,4475860.633,2231.053
43385,337427.502,4475863.021,2232.209
43386,337441.004,4475865.203,2233.578
43387,337454.15,4475866.837,2234.637
43388,337468.926,4475868.581,2235.334
43389,337483.304,4475869.437,2236.186
43390,337496.529,4475870.988,2237.076
43391,337511.365,4475871.927,2237.443
43392,337527.064,4475874.241,2238.29
43393,337541.827,4475876.492,2239.145
43394,337557.423,4475875.934,2239.327
43395,337576.28,4475880.125,2238.983
43396,337591.403,4475883.586,2238.002
43397,337605.348,4475886.983,2238.476
43398,337619.327,4475890.607,2237.725
43399,337631.889,4475894.406,2236.89
43400,337649.256,4475899.423,2236.022
43401,337658.905,4475899.218,2235.594
43402,337673.232,4475904.435,2235.279
43403,337685.638,4475906.474,2234.701
43404,337700.549,4475909.902,2234.261
43405,337715.174,4475913.516,2233.683
43406,337728.498,4475917.825,2233.497
43407,337742.523,4475921.86,2232.688
43408,337754.89,4475925.869,2232.241
43409,337770.4,4475931.024,2231.546
43410,337786.694,4475936.52,2230.653
43411,337798.504,4475940.225,2229.841
43412,337812.188,4475945.283,2228.999
43413,337828.672,4475951.556,2228.25
43414,337842.378,4475956.266,2227.425
43415,337858.271,4475962.252,2226.647
43416,337868.478,4475967.483,2226.793
43417,337884.707,4475972.187,2225.675
43418,337900.515,4475975.686,2224.768
43419,337915.192,4475978.83,2224.632
43420,337933.427,4475981.084,2223.877
43421,337947.387,4475982.337,2223.183
43422,337961.474,4475983.295,2222.818
43423,337976.429,4475983.598,2222.246
43424,337990.409,4475984.509,2222.023
43425,338005.367,4475985.414,2221.455
43426,338023.042,4475986.713,2221.129
43427,338038.768,4475988.021,2220.692
43428,338053.425,4475988.44,2220.083
43429,338068.762,4475990.045,2219.691
43430,338081.778,4475992.071,2218.855
43431,338098.253,4475989.221,2217.782
43432,338113.825,4475986.707,2215.949
43433,338126.259,4475983.621,2215.027
43434,338140.441,4475978.037,2214.31
43435,338154.747,4475972.786,2213.722
43436,338169.121,4475966.934,2213.005
43437,338183.838,4475960.728,2212.335
43438,338197.881,4475954.516,2212.034
43439,338212.62,4475948.865,2211.219
43440,338228.971,4475942.844,2210.876
43441,338242.441,4475937.493,2210.651
43442,338254.897,4475931.962,2210.258
43443,338267.853,4475927.062,2210.17
43444,338282.758,4475921.723,2209.709
43445,338297.67,4475918.06,2209.59
43446,338310.527,4475914.747,2209.224
43447,338327.822,4475911.112,2208.955
43448,338342.611,4475907.947,2208.081
43449,338356.714,4475906.699,2207.965
43450,338370.315,4475904.702,2207.435
43451,338385.253,4475902.911,2207.009
43452,338401.163,4475901.344,2206.147
43453,338416.319,4475899.512,2204.378
43454,338429.106,4475897.674,2203.131
43455,338445.698,4475892.017,2203.446
43456,338461.248,4475887.433,2202.973
43457,338472.239,4475882.567,2203.233
43458,338488.098,4475877.045,2203.911
43459,338502.966,4475871.958,2203.393
43460,338516.654,4475869.429,2202.916
43461,338531.399,4475867.846,2202.283
43462,338547.625,4475867.337,2201.656
43463,338561.872,4475867.878,2201.05
43464,338575.547,4475867.817,2200.746
43465,338590.226,4475868.309,2200.141
43466,338602.665,4475868.756,2199.807
43467,338618.008,4475870.662,2199.618
43468,338630.462,4475874.27,2199.244
43469,338644.655,4475880.64,2198.608
43470,338655.907,4475886.164,2198.251
43471,338670.556,4475894.934,2197.711
43472,338680.979,4475900.809,2197.394
43473,338694.779,4475908.488,2196.964
43474,338709.632,4475917.015,2196.196
43475,338722.088,4475924.002,2195.322
43476,338735.163,4475930.138,2194.684
43477,338752.424,4475936.536,2193.176
43478,338767.533,4475941.621,2192.474
43479,338780.259,4475945.856,2191.969
43480,338795.586,4475951.243,2191.717
43481,338808.622,4475955.533,2191.483
43482,338823.689,4475961.966,2191.896
43483,338838.171,4475968.554,2192.889
43484,338852.981,4475975.436,2193.193
43485,338864.091,4475980.697,2192.69
43486,338877.952,4475986.381,2192.268
43487,338890.248,4475993.0,2193.3
43488,338901.941,4475998.193,2193.58
43489,338914.303,4476006.606,2192.761
43490,338923.135,4476014.842,2190.938
43491,338937.125,4476022.059,2187.555
43492,338947.946,4476034.182,2186.789
43493,338957.833,4476044.798,2186.622
43494,338967.482,4476056.145,2186.475
43495,338975.185,4476065.175,2186.305
43496,338988.086,4476077.03,2186.124
43497,339002.232,4476086.137,2185.462
43498,339016.449,4476093.352,2184.562
43499,339033.383,4476098.863,2183.517
43500,339044.112,4476099.848,2183.0
43501,339063.128,4476100.051,2182.049
43502,339074.284,4476100.191,2181.767
43503,339095.0,4476100.7,2181.5405
43504,339106.328,4476099.149,2181.314
43505,339119.697,4476097.694,2180.669
43506,339141.5,4476097.437,2180.708
43507,339150.254,4476097.944,2180.844
43508,339167.814,4476096.729,2180.804
43509,339181.374,4476096.064,2180.82
43510,339195.692,4476095.976,2180.908
43511,339210.575,4476096.353,2181.293
43512,339228.242,4476095.888,2181.666
43513,339241.875,4476096.647,2181.59
43514,339257.483,4476095.502,2181.669
43515,339272.973,4476095.742,2181.615
43516,339286.283,4476096.283,2181.552
43517,339299.781,4476095.77,2181.861
43518,339315.166,4476093.67,2182.1
43519,339331.025,4476092.082,2182.044
43520,339344.278,4476088.575,2181.757
43521,339355.802,4476082.941,2181.097
43522,339362.387,4476073.467,2181.137
45101,339374.296,4476058.937,2181.173
45102,339383.847,4476067.885,2181.033
45103,339394.6,4476076.219,2181.385
45104,339408.539,4476087.835,2181.629
45105,339414.171,4476099.184,2181.774
45106,339419.198,4476112.236,2181.686
45107,339423.691,4476126.042,2181.786
45108,339427.593,4476140.832,2181.307
45109,339431.122,4476155.231,2181.366
45110,339435.871,4476170.865,2181.959
45111,339440.052,4476184.729,2182.41
45112,339443.718,4476198.076,2182.264
45113,339448.074,4476212.143,2181.778
45114,339451.521,4476226.017,2180.995
45115,339456.05,4476241.262,2180.307
45116,339460.2,4476255.851,2179.97
45117,339458.215,4476273.9,2179.567
45118,339452.957,4476289.787,2179.591
45119,339439.938,4476306.626,2179.49
45120,339433.698,4476312.475,2179.226
45121,339423.257,4476323.389,2178.6
45122,339412.945,4476335.671,2178.295
45123,339402.44,4476345.985,2178.044
45124,339395.039,4476359.992,2177.744
45125,339385.262,4476368.124,2177.728
45126,339376.575,4476381.551,2177.144
45127,339365.965,4476393.746,2176.934
45128,339358.334,4476405.055,2177.735
45129,339349.539,4476416.904,2177.473
45130,339340.373,4476429.048,2176.946
45131,339330.452,4476441.65,2176.371
45132,339320.741,4476453.833,2175.883
45133,339311.82,4476463.377,2175.729
45134,339303.761,4476475.322,2174.814
45135,339293.953,4476486.598,2174.451
45136,339284.799,4476499.893,2174.747
45137,339276.434,4476511.628,2175.468
45138,339267.915,4476524.965,2175.828
45139,339259.352,4476536.742,2175.385
45140,339252.242,4476550.91,2174.009
45141,339242.852,4476564.065,2174.027
45142,339235.458,4476575.783,2173.928
45143,339228.857,4476590.504,2173.722
45144,339224.812,4476606.802,2173.383
45145,339224.627,4476621.063,2173.594
45146,339224.366,4476634.89,2173.339
45147,339224.027,4476648.659,2173.402
45148,339224.116,4476662.71,2173.488
45149,339224.582,4476677.693,2173.501
45150,339224.72,4476693.007,2173.468
45151,339224.519,4476708.672,2173.105
45152,339224.434,4476723.149,2172.474
45153,339224.659,4476737.956,2172.171
45154,339224.409,4476753.709,2172.186
45155,339223.954,4476767.646,2171.995
45156,339223.182,4476783.249,2172.198
45157,339223.55,4476798.645,2172.324
45158,339222.38,4476812.387,2172.068
45159,339221.815,4476828.715,2171.548
45160,339220.729,4476842.167,2171.139
45161,339219.446,4476857.286,2170.83
45162,339217.553,4476871.894,2170.469
45163,339213.711,4476887.27,2169.453
45164,339210.09,4476897.843,2168.683
45165,339204.656,4476913.679,2167.845
45166,339197.59,4476925.995,2167.214
45167,339189.038,4476941.525,2166.681
45168,339180.966,4476952.243,2166.193
45169,339172.582,4476964.272,2165.693
45170,339161.701,4476977.607,2165.314
45171,339144.037,4476989.385,2164.567
45172,339134.782,4476994.36,2164.028
45173,339122.687,4476999.887,2163.599
45174,339107.765,4477007.083,2163.425
45175,339094.56,4477011.442,2163.092
45176,339078.967,4477013.836,2162.242
45177,339062.85,4477016.212,2161.572
45178,339048.53,4477018.9,2160.974
45179,339032.915,4477021.255,2160.04
45180,339020.325,4477022.603,2159.076
45181,339005.724,4477027.65,2158.243
45182,338991.46,4477034.07,2157.558
45183,338980.007,4477040.129,2157.16
45184,338962.168,4477044.06,2157.079
45185,338956.746,4477063.39,2156.609
45186,338950.999,4477075.804,2156.545
45187,338944.606,4477086.933,2156.286
45188,338935.118,4477100.415,2155.897
45189,338925.266,4477113.079,2155.312
45190,338916.017,4477125.011,2154.891
45191,338908.218,4477135.207,2167.256
45192,338897.221,4477151.203,2154.796
45193,338887.112,4477163.513,2167.055
45194,338879.548,4477172.719,2154.121
45195,338867.427,4477184.81,2165.754
45196,338857.996,4477195.14,2152.608
45197,338841.539,4477208.244,2164.77
45198,338832.682,4477218.032,2152.318
45199,338823.368,4477227.255,2164.148
45200,338818.122,4477239.083,2151.562
45201,338813.263,4477250.85,2163.578
45202,338809.261,4477264.566,2150.787
45203,338805.598,4477278.799,2162.647
45204,338802.273,4477291.326,2149.585
45205,338797.958,4477308.667,2161.108
45206,338793.387,4477333.075,2147.531
45207,338791.687,4477346.34,2159.737
45208,338789.942,4477359.219,2146.302
45209,338786.839,4477371.476,2158.12
45210,338780.905,4477385.409,2145.066
45211,338773.48,4477395.878,2157.131
45212,338763.308,4477409.424,2144.187
45213,338759.406,4477420.461,2156.304
45214,338756.436,4477439.066,2143.307
45215,338755.598,4477450.816,2155.724
45216,338756.515,4477465.594,2143.441
45217,338758.942,4477480.41,2156.245
45218,338757.597,4477494.995,2143.59
45219,338747.222,4477511.066,2155.817
45220,338737.101,4477512.841,2142.982
45221,338724.793,4477520.928,2155.427
45222,338712.923,4477537.626,2141.999
45223,338708.117,4477547.27,2154.089
45224,338705.284,4477556.342,2141.168
45225,338704.375,4477571.908,2152.518
45226,338706.26,4477588.937,2139.215
45227,338707.213,4477604.461,2153.047
45228,338707.37,4477619.942,2151.412
45229,338705.982,4477634.54,2150.983
45230,338703.791,4477647.864,2150.666
45231,338697.438,4477659.034,2150.693
45232,338681.406,4477666.587,2150.447
45233,338672.194,4477681.639,2149.379
45234,338658.709,4477688.711,2148.546
45235,338636.377,4477689.877,2147.803
45236,338620.296,4477695.415,2147.474
45237,338607.625,4477703.245,2147.399
45238,338598.055,4477714.923,2147.116
45239,338592.061,4477729.596,2146.527
45240,338587.017,4477744.621,2146.087
45241,338583.086,4477755.73,2145.397
45242,338578.131,4477777.112,2145.229
45243,338565.307,4477785.784,2132.726
45244,338550.114,4477789.348,2132.721
45245,338538.807,4477795.68,2132.106
45246,338530.218,4477801.745,2131.33
45247,338517.273,4477816.078,2130.107
45248,338512.572,4477829.252,2129.442
45249,338510.524,4477842.695,2128.677
45250,338509.11,4477857.791,2127.795
45251,338507.109,4477872.447,2127.148
45252,338505.356,4477881.57,2126.828
45253,338500.795,4477896.489,2126.587
45254,338492.946,4477911.265,2125.583
45255,338486.984,4477923.649,2125.466
45256,338478.11,4477937.264,2124.855
45257,338467.036,4477948.401,2124.243
45258,338454.66,4477957.267,2123.975
45259,338441.235,4477965.515,2123.312
45260,338427.616,4477973.459,2123.213
45261,338419.868,4477979.703,2122.767
45262,338413.331,4477992.507,2121.972
45263,338408.273,4478007.815,2121.62
45264,338405.16,4478023.218,2121.58
45265,338405.132,4478040.304,2121.603
45266,338407.31,4478054.707,2121.778
45267,338408.277,4478072.404,2121.89
45268,338401.661,4478085.066,2121.044
45269,338392.962,4478097.641,2120.655
45270,338385.49,4478110.573,2120.404
45271,338378.809,4478124.124,2119.869
45272,338372.702,4478137.944,2118.897
45273,338367.818,4478149.822,2118.241
45274,338361.749,4478163.681,2117.9
45275,338354.652,4478177.264,2117.77
45276,338346.006,4478189.875,2117.719
45277,338336.315,4478203.472,2117.54
45278,338329.345,4478214.655,2117.267
45279,338320.087,4478226.179,2116.681
45280,338305.625,4478235.794,2115.857
45281,338298.796,4478249.653,2115.179
45282,338294.602,4478264.584,2114.721
45283,338299.827,4478282.039,2114.194
45284,338300.476,4478296.82,2113.204
45285,338297.342,4478312.118,2112.046
45286,338291.583,4478324.342,2110.858
45287,338284.363,4478336.428,2109.972
45288,338277.283,4478348.318,2109.409
45289,338269.633,4478361.105,2108.739
45290,338262.069,4478372.926,2108.287
45291,338257.198,4478386.806,2107.81
45292,338254.172,4478400.581,2107.599
45293,338254.08,4478415.113,2107.278
45294,338253.865,4478430.59,2107.02
45295,338253.222,4478446.221,2106.511
45296,338249.66,4478461.388,2106.138
45297,338244.882,4478475.913,2105.388
45298,338240.618,4478491.246,2104.837
45299,338237.762,4478509.541,2104.212
45300,338237.444,4478523.328,2103.525
45301,338239.41,4478541.556,2102.981
45302,338239.529,4478554.976,2102.723
45303,338235.375,4478570.169,2102.502
45304,338225.306,4478582.639,2102.173
45305,338214.066,4478588.768,2100.973
45306,338203.55,4478601.323,2100.545
45307,338197.688,4478611.195,2100.712
45308,338189.423,4478634.834,2100.114
45309,338185.981,4478643.113,2099.558
45310,338184.301,4478650.982,2099.609
45311,338179.436,4478666.297,2098.873
45312,338176.415,4478682.278,2098.48
45313,338173.989,4478697.578,2097.986
45314,338159.607,4478711.851,2097.291
45315,338158.112,4478727.593,2096.824
45316,338157.894,4478742.616,2096.38
45317,338164.687,4478761.018,2095.788
45318,338156.473,4478776.409,2095.299
45319,338148.722,4478787.155,2095.201
45320,338143.522,4478803.76,2095.005
45321,338137.358,4478818.904,2095.088
45322,338129.616,4478830.739,2094.651
45323,338120.083,4478840.965,2093.653
45324,338110.094,4478850.422,2092.391
45325,338099.849,4478861.001,2091.362
45326,338086.868,4478871.839,2090.382
45327,338077.958,4478878.463,2089.497
45328,338069.195,4478888.363,2089.191
45329,338057.781,4478903.139,2088.525
45330,338050.502,4478917.452,2088.334
45331,338043.316,4478930.988,2088.015
45332,338035.652,4478944.881,2087.225
45333,338028.593,4478957.572,2086.525
45334,338019.814,4478970.857,2086.319
45335,338011.509,4478982.731,2086.296
45336,338002.269,4478994.092,2086.187
45337,337989.585,4479005.366,2086.079
45338,337977.125,4479014.794,2085.81
45339,337966.121,4479023.117,2085.427
45340,337954.308,4479030.081,2084.826
45341,337941.763,4479036.453,2083.978
45342,337929.287,4479045.567,2083.197
45343,337917.752,4479055.04,2082.786
45344,337904.492,4479064.038,2082.389
45345,337892.345,4479073.72,2081.951
45346,337880.835,4479082.048,2081.278
45347,337868.885,4479090.107,2080.763
45348,337854.835,4479098.203,2080.147
45349,337844.373,4479100.914,2079.722
45350,337830.172,4479107.146,2079.153
45351,337815.747,4479113.219,2078.795
45352,337803.337,4479120.589,2078.266
45353,337792.477,4479130.752,2077.892
45354,337783.804,4479142.767,2077.647
45355,337780.35,4479159.02,2077.008
45356,337779.393,4479174.535,2076.264
45357,337777.261,4479189.589,2075.771
45358,337775.838,4479204.659,2075.166
45359,337775.379,4479221.121,2074.96
45360,337774.045,4479234.574,2074.762
45361,337767.32,4479249.3,2074.617
45362,337758.306,4479262.76,2074.629
45363,337763.793,4479278.807,2074.477
45364,337760.329,4479293.189,2073.746
45365,337756.541,4479306.742,2073.019
45366,337753.326,4479321.88,2072.619
45367,337749.518,4479337.007,2072.331
45368,337744.774,4479350.864,2072.506
45369,337739.443,4479365.697,2072.607
45370,337735.99,4479382.031,2072.009
45371,337734.483,4479392.999,2071.552
45372,337731.266,4479409.422,2070.702
45373,337729.764,4479425.149,2070.121
45374,337729.806,4479441.032,2069.584
45375,337729.85,4479456.107,2069.075
45376,337727.817,4479470.804,2069.046
45377,337724.141,4479482.257,2068.98
45378,337716.954,4479496.851,2068.434
45379,337708.456,4479509.586,2067.647
45380,337699.998,4479525.983,2067.035
45381,337690.651,4479539.798,2066.808
45382,337686.824,4479547.179,2066.847
45383,337676.814,4479560.55,2066.596
45384,337663.226,4479570.99,2065.876
45385,337651.532,4479579.15,2078.51
45386,337638.711,4479585.16,2065.749
45387,337620.596,4479587.922,2077.946
45388,337608.648,4479597.381,2065.491
45389,337598.425,4479608.554,2077.482
45390,337588.356,4479620.258,2064.6
45391,337583.732,4479637.194,2076.367
45392,337576.506,4479649.703,2063.899
45393,337566.96,4479662.548,2076.291
45394,337558.212,4479675.839,2064.275
45395,337545.553,4479687.946,2076.294
45396,337537.97,4479698.489,2063.85
45397,337532.562,4479711.262,2077.127
45398,337525.083,4479724.107,2064.488
45399,337516.299,4479736.292,2077.082
45400,337506.339,4479747.841,2064.69
45401,337496.07,4479766.987,2078.024
45402,337488.191,4479775.331,2065.67
45403,337479.05,4479786.762,2078.345
45404,337470.387,4479798.479,2065.812
45405,337459.661,4479811.412,2078.046
45406,337450.174,4479821.878,2065.185
45407,337439.997,4479831.168,2076.596
45408,337431.926,4479840.935,2063.444
45409,337422.741,4479853.124,2074.947
45410,337414.533,4479865.939,2061.775
45411,337409.65,4479876.437,2074.09
45412,337401.905,4479891.177,2060.732
45413,337396.023,4479905.72,2072.424
45414,337389.505,4479919.413,2059.504
45415,337382.566,4479931.941,2071.621
45416,337375.372,4479945.059,2058.83
45417,337370.009,4479958.888,2070.788
45418,337368.359,4479974.104,2058.028
45419,337371.527,4479990.401,2070.807
45420,337366.671,4480003.717,2057.408
45421,337366.9,4480019.245,2069.411
45422,337366.297,4480035.269,2056.757
45423,337363.24,4480047.647,2069.199
45424,337356.534,4480060.876,2056.593
45425,337348.755,4480077.29,2069.033
45426,337346.872,4480086.717,2056.526
45427,337338.416,4480103.899,2068.758
45428,337333.121,4480117.356,2056.066
45429,337330.207,4480130.604,2068.286
45430,337326.851,4480146.028,2054.947
45431,337324.29,4480163.962,2067.046
45432,337327.048,4480178.377,2054.602
45433,337311.445,4480187.261,2066.767
45434,337299.79,4480199.306,2054.086
45435,337290.304,4480214.572,2066.164
45436,337283.399,4480224.878,2053.779
45437,337275.697,4480239.787,2066.108
45438,337271.905,4480255.645,2053.823
45439,337266.987,4480268.488,2066.348
45440,337260.829,4480284.234,2053.839
45441,337254.982,4480297.937,2065.956
45442,337249.286,4480311.326,2053.564
45443,337243.872,4480323.655,2065.42
45444,337237.916,4480337.488,2052.084
45445,337232.628,4480350.166,2064.164
45446,337227.735,4480365.769,2052.067
45447,337221.194,4480378.702,2064.79
45448,337214.462,4480393.81,2052.053
45449,337209.492,4480405.301,2064.265
45450,337202.952,4480420.174,2051.328
45451,337196.261,4480434.522,2063.197
45452,337189.992,4480449.757,2050.736
45453,337182.944,4480463.741,2062.625
45454,337176.077,4480475.882,2049.625
45455,337170.223,4480488.767,2061.922
45456,337161.571,4480502.981,2049.042
45457,337154.657,4480517.228,2061.325
45458,337151.379,4480527.091,2048.761
45459,337148.059,4480541.77,2060.992
45460,337143.872,4480558.34,2048.123
45461,337140.368,4480571.499,2060.296
45462,337134.302,4480586.125,2047.616
45463,337129.389,4480597.992,2060.005
45464,337122.731,4480612.88,2047.456
45465,337117.078,4480624.919,2059.294
45466,337108.53,4480637.164,2046.44
45467,337103.241,4480652.465,2058.103
45468,337096.084,4480665.722,2045.832
45469,337087.826,4480678.384,2057.85
45470,337079.807,4480691.069,2045.286
45471,337072.033,4480703.104,2057.656
45472,337066.01,4480716.56,2044.894
45473,337058.162,4480731.172,2057.338
45474,337059.247,4480746.801,2043.784
45475,337056.406,4480761.611,2055.476
45476,337050.303,4480777.345,2044.306
45477,337051.773,4480790.657,2056.464
45478,337054.011,4480805.177,2043.663
45479,337054.668,4480820.771,2055.965
45480,337054.661,4480836.984,2043.003
45481,337055.093,4480851.57,2055.103
45482,337056.924,4480867.861,2041.374
45483,337059.42,4480882.09,2053.98
45484,337059.026,4480894.855,2041.032
45485,337058.607,4480906.511,2053.129
45486,337058.177,4480922.127,2040.346
45487,337058.243,4480936.426,2052.638
45488,337057.585,4480948.502,2040.117
45489,337056.908,4480958.232,2052.453
45490,337056.277,4480972.781,2039.785
45491,337054.935,4480990.656,2051.566
45492,337053.027,4481012.099,2039.374
45493,337051.991,4481027.036,2051.488
45494,337050.806,4481045.334,2038.997
45495,337048.499,4481060.43,2051.192
45496,337045.528,4481076.001,2038.468
45497,337043.081,4481089.8,2050.562
45498,337040.89,4481104.33,2037.839
45499,337039.731,4481117.301,2050.261
45500,337038.215,4481134.218,2037.456
45501,337036.419,4481149.907,2049.987
45502,337035.622,4481161.98,2036.614
45503,337037.576,4481178.194,2049.528
45504,337031.14,4481195.431,2036.937
45505,337026.279,4481208.758,2049.808
45506,337021.993,4481223.687,2037.381
45507,337016.24,4481238.048,2049.484
45508,337009.095,4481250.991,2037.435
45509,337002.683,4481265.15,2049.643
45510,336996.433,4481278.242,2037.024
45511,336990.354,4481291.032,2049.341
45512,336983.493,4481304.949,2036.939
45513,336975.77,4481321.02,2049.657
45514,336970.14,4481332.467,2037.414
45515,336963.529,4481344.237,2049.786
45516,336951.765,4481356.93,2037.239
45517,336939.735,4481365.865,2049.572
45518,336928.773,4481373.703,2037.095
45519,336915.49,4481383.315,2049.328
45520,336901.179,4481395.146,2036.332
45521,336888.035,4481405.486,2048.224
45522,336879.609,4481411.535,2035.465
45523,336867.252,4481421.507,2047.758
45524,336855.117,4481430.725,2035.318
45525,336845.21,4481437.814,2047.901
45526,336833.009,4481447.339,2035.565
45527,336819.397,4481457.247,2047.391
45528,336808.273,4481464.615,2033.868
45529,336798.464,4481473.552,2046.081
45530,336785.175,4481483.589,2046.415
45531,336776.692,4481495.921,2049.406
